Capgemini HMS Backend – Complete API Reference (Static Analysis),,,,,,,,,,,,,,,,,,,,,,,,
Controller,Method,Endpoint,Description,Access,Expected JSON Response,Status Code,Module / Service Name,Full URL,Path Variables,Query Params,Request Headers,Request Body (DTO),Request DTO Structure,Response DTO Structure,Business Logic Flow,Database Impact,Relationships Used,Security Details,Validation Rules,Error Scenarios,Side Effects,Idempotency,Transactional Behavior,External Calls,Audit / Logging,Performance Considerations
Auth,POST,/api/v1/auth/signup,Register a new user account with roles,Public,"{""success"":true,""message"":""User registered successfully!""}",201 Created,Auth / UserRepository + RoleRepository,/api/v1/auth/signup,None,None,"Content-Type: application/json; X-XSRF-TOKEN (cookie)","SignupRequest: {username, email, password, role[], patientSsn?, staffId?}","username: String | @NotBlank @Size(3-20) | Unique username; email: String | @NotBlank @Size(max=50) @Email | Valid email; password: String | @NotBlank @Size(6-40) | Account password; role: Set<String> | Optional | Options: admin/doctor/nurse/patient; patientSsn: Integer | Conditional | Required if role=patient; staffId: Integer | Conditional | Required if role=doctor or nurse","ApiResponse<String>: {success: Boolean; message: String}","1. Validate @Valid on SignupRequest. 2. Check userRepository.existsByUsername() → 400 if taken. 3. Check userRepository.existsByEmail() → 400 if taken. 4. For role=admin: checks current session for ROLE_ADMIN authority → 403 if missing. 5. For role=doctor: validates staffId exists in physician table. 6. For role=nurse: validates staffId exists in nurse table. 7. For role=patient: validates patientSsn exists in patient table. 8. BCrypt-encodes password. 9. Saves User + Roles to DB.","Tables: users (INSERT); user_roles (INSERT); reads: roles | Operation: INSERT","User → ManyToMany → Roles","permitAll() in WebSecurityConfig; Admin role creation requires active ROLE_ADMIN session","@NotBlank @Size(3-20) username; @NotBlank @Email email; @NotBlank @Size(6-40) password; staffId required for doctor/nurse; patientSsn required for patient","400: Username taken; 400: Email in use; 403: Non-admin trying to create admin; 500: Role not found in DB; 500: StaffId/SSN not found","None","No – duplicate username/email check prevents true idempotency","No @Transactional; risk of partial save if role save fails","None","None","Low volume; no pagination needed"
Auth,POST,/login,Authenticate user (handled by Spring Security form login),Public,"{""redirect"": ""/dashboard""}",302 Redirect,Spring Security / UserDetailsServiceImpl,/login,None,None,"Content-Type: application/x-www-form-urlencoded; X-XSRF-TOKEN","Form body: {username, password, _csrf}","username: String; password: String; _csrf: CSRF token from XSRF-TOKEN cookie","Redirect to role dashboard on success; or /login?error on failure","1. Spring Security intercepts POST /login. 2. UserDetailsServiceImpl.loadUserByUsername() called. 3. BCryptPasswordEncoder matches password. 4. On success: CustomAuthenticationSuccessHandler fires → redirects by role (ADMIN→/dashboard, DOCTOR→/appointments, NURSE→/patients, PATIENT→/stays/my).","Table: users (SELECT), user_roles (SELECT) | Operation: SELECT","User → ManyToMany → Roles","formLogin().permitAll(); Session created (IF_REQUIRED policy)","Non-null username and password","401: Bad credentials (redirect to /login?error)","Creates server-side session (JSESSIONID cookie set) and XSRF-TOKEN cookie","No","N/A — Stateful session creation","None","None","High volume auth endpoint; BCrypt hashing cost"
Auth,POST,/logout,Invalidate session and clear auth cookies,Any Authenticated,"{""redirect"": ""/login?logout""}",302 Redirect,Spring Security,/logout,None,None,"X-XSRF-TOKEN: <token>","None (POST form with _csrf field)","None","Redirect to /login?logout","1. Spring Security intercepts POST /logout. 2. Invalidates HttpSession. 3. Deletes JSESSIONID and XSRF-TOKEN cookies. 4. Redirects to /login?logout.","Table: spring_session (DELETE if using DB sessions) | Operation: DELETE (session)","None","logout().permitAll(); CSRF token required on POST","None","401: If session already invalid","JSESSIONID and XSRF-TOKEN cookies cleared","No","N/A — session destruction","None","None","Low overhead"
Patient,GET,/api/v1/patients/me,Get the clinical profile of the currently logged-in patient,PATIENT only,"{""success"":true,""data"":{""ssn"":100000001,""name"":""John Smith""}}",200 OK,Patient / PatientService + PatientRepository,/api/v1/patients/me,None,None,"Cookie: JSESSIONID; X-XSRF-TOKEN","None","None","PatientDTO: {ssn: Integer; name: String; address: String; phone: String; insuranceId: String; pcpId: Integer}","1. Extract patientSsn from SecurityContext (UserDetailsImpl.getPatientSsn()). 2. Throw 500 if account not linked to patient record. 3. Call patientService.getPatientBySsn(ssn). 4. Filter: isDeleted=false. 5. Return PatientDTO.","Table: patient (SELECT by PK) | Operation: SELECT","Patient → ManyToOne → Physician (PCP)","Requires authenticated session; PATIENT role; SessionCreationPolicy.IF_REQUIRED","None on read","404: Patient record not found or deleted; 500: Account not linked to patient SSN","None","Yes — identical calls return same result","No","None","None","Single row lookup by PK; no N+1"
Patient,PUT,/api/v1/patients/me,Update the current patient's own profile,PATIENT only,"{""success"":true,""message"":""Profile updated successfully""}",200 OK,Patient / PatientService + PatientRepository,/api/v1/patients/me,None,None,"Cookie: JSESSIONID; X-XSRF-TOKEN; Content-Type: application/json","PatientDTO: {name, address, phone, insuranceId, pcpId?}","name: String | @NotBlank @Size(2-255); address: String | @NotBlank; phone: String | @NotBlank @Pattern(regex); insuranceId: String | @NotNull @Pattern([A-Z0-9]{5-20}); pcpId: Integer | Optional","PatientDTO (updated record)","1. Extract patientSsn from SecurityContext. 2. dto.setSsn(ssn) — prevents SSN tampering. 3. Convert to Patient entity (fetches PCP physician if pcpId provided). 4. patientService.updatePatient(patient). 5. Filter isDeleted=false. 6. Save and return updated DTO.","Table: patient (SELECT + UPDATE) | Operation: SELECT + UPDATE","Patient → ManyToOne → Physician","PATIENT role; ownership enforced via SecurityContext SSN injection","@NotBlank name; @Pattern phone; @Pattern insuranceId","400: Validation failure; 404: Patient not found or deleted; 500: PCP physician not found","None","Yes — same payload = same result","@Transactional on updatePatient","None","None","Single row update; no complex joins"
Patient,GET,/api/v1/patients,Get paginated list of all active patients,ADMIN / DOCTOR / NURSE,"{""success"":true,""data"":{""content"":[...],""page"":0,""size"":10}}",200 OK,Patient / PatientService + PatientRepository,/api/v1/patients,None,"page (int); size (int); sort (string)","Cookie: JSESSIONID","None","None","PagedResponse<PatientDTO>: {content: PatientDTO[]; page; size; totalElements; totalPages; last}","1. @PreAuthorize checks ADMIN/DOCTOR/NURSE. 2. patientService.getAllPatients(pageable). 3. Repository query: findAllActive (WHERE is_deleted=false). 4. Map to DTOs. 5. Return PagedResponse.","Table: patient (SELECT with pagination) | Operation: SELECT","Patient → ManyToOne → Physician (PCP)","@PreAuthorize hasAnyRole('ADMIN','DOCTOR','NURSE')","None","403: Insufficient role; 401: No session","None","Yes","No","None","None","Paginated; Spring Data pagination handles N+1 with JOIN FETCH recommended"
Patient,GET,/api/v1/patients/{ssn},Get patient by SSN,ADMIN / DOCTOR / NURSE; PATIENT (own record only),"{""success"":true,""data"":{""ssn"":100000001,...}}",200 OK,Patient / PatientService + PatientRepository,/api/v1/patients/{ssn},ssn: Integer (Patient SSN),None,"Cookie: JSESSIONID","None","None","PatientDTO: {ssn; name; address; phone; insuranceId; pcpId}","1. @PreAuthorize: ADMIN/DOCTOR/NURSE always allowed; PATIENT only if #ssn==principal.patientSsn. 2. patientService.getPatientBySsn(ssn). 3. Filter isDeleted=false. 4. Return DTO.","Table: patient (SELECT by PK) | Operation: SELECT","Patient → ManyToOne → Physician","@PreAuthorize with SpEL ownership check for PATIENT role; PatientIdentityManager also enforced via security config","None","403: PATIENT accessing another patient's record; 404: Not found or deleted","None","Yes","No","None","None","Single PK lookup; fast"
Patient,POST,/api/v1/patients,Register a new patient,ADMIN / NURSE,"{""success"":true,""message"":""Patient registered successfully""}",200 OK,Patient / PatientService + PatientRepository,/api/v1/patients,None,None,"Cookie: JSESSIONID; X-XSRF-TOKEN; Content-Type: application/json","PatientDTO: {ssn, name, address, phone, insuranceId, pcpId?}","ssn: Integer | @NotNull; name: String | @NotBlank @Size(2-255); address: String | @NotBlank; phone: String | @NotBlank @Pattern; insuranceId: String | @NotNull @Pattern([A-Z0-9]{5-20}); pcpId: Integer | Optional","PatientDTO (created record)","1. @PreAuthorize ADMIN/NURSE. 2. Convert DTO to entity (lookup PCP by pcpId). 3. patientService.registerPatient() — checks if SSN already exists. 4. If exists and isDeleted=true: reactivates + updates. 5. If exists and isDeleted=false: throw 500 conflict. 6. Save and return DTO.","Table: patient (SELECT by PK; INSERT or UPDATE) | Operation: INSERT / UPDATE (reactivation)","Patient → ManyToOne → Physician","@PreAuthorize hasAnyRole('ADMIN','NURSE')","@NotNull ssn; @NotBlank @Size name; @Pattern phone; @Pattern insuranceId","400: Validation failure; 403: Insufficient role; 409 (via RuntimeException): Patient SSN already active; 500: PCP not found","None","No — duplicate SSN conflict handled","@Transactional on registerPatient","None","None","Low volume; PCP lookup is additional query"
Patient,PUT,/api/v1/patients/{ssn},Update an existing patient record,ADMIN / NURSE,"{""success"":true,""message"":""Patient updated successfully""}",200 OK,Patient / PatientService + PatientRepository,/api/v1/patients/{ssn},ssn: Integer,None,"Cookie: JSESSIONID; X-XSRF-TOKEN; Content-Type: application/json","PatientDTO: {name, address, phone, insuranceId, pcpId?}","name: String | @NotBlank @Size(2-255); address: String | @NotBlank; phone: String | @NotBlank @Pattern; insuranceId: String | @NotNull @Pattern([A-Z0-9]{5-20}); pcpId: Integer | Optional","PatientDTO (updated)","1. @PreAuthorize ADMIN/NURSE. 2. dto.setSsn(ssn) from path. 3. Lookup PCP if pcpId set. 4. patientService.updatePatient() — findById + filter isDeleted=false. 5. Update all fields. 6. Save.","Table: patient (SELECT + UPDATE) | Operation: UPDATE","Patient → ManyToOne → Physician","@PreAuthorize hasAnyRole('ADMIN','NURSE')","@NotBlank name; @Pattern phone; @Pattern insuranceId","400: Validation; 403: Role; 404: Patient not found or deleted","None","Yes","@Transactional on updatePatient","None","None","Single row update"
Patient,GET,/api/v1/patients/search,Search patients by name or phone,ADMIN / DOCTOR / NURSE,"{""success"":true,""data"":{""content"":[...]}}",200 OK,Patient / PatientService + PatientRepository,/api/v1/patients/search,None,"query: String (required); page; size; sort","Cookie: JSESSIONID","None","None","PagedResponse<PatientDTO>","1. @PreAuthorize. 2. patientService.searchPatients(query, pageable). 3. Repository: searchActive — LIKE search on name and phone WHERE is_deleted=false. 4. Return paged results.","Table: patient (SELECT with LIKE) | Operation: SELECT","Patient → ManyToOne → Physician","@PreAuthorize hasAnyRole('ADMIN','DOCTOR','NURSE')","query param required","400: Missing query param; 403: Role","None","Yes","No","None","None","LIKE query on unindexed columns → potential full-table scan at scale; add index on name/phone"
Patient,DELETE,/api/v1/patients/{ssn},Soft-delete a patient record,ADMIN only,"{""success"":true,""message"":""Patient record deleted successfully""}",200 OK,Patient / PatientService + PatientRepository,/api/v1/patients/{ssn},ssn: Integer,None,"Cookie: JSESSIONID; X-XSRF-TOKEN","None","None","ApiResponse<String>","1. @PreAuthorize ADMIN. 2. patientService.deletePatient(ssn). 3. findById — throw if not found. 4. patient.setIsDeleted(true). 5. Save.","Table: patient (UPDATE is_deleted=true) | Operation: UPDATE (soft delete)","None","@PreAuthorize hasRole('ADMIN')","None","403: Role; 404: Patient not found","Does NOT hard-delete; patient record remains in DB with is_deleted=true","No — calling twice has no additional effect after first call","@Transactional on deletePatient","None","None","Single row update"
Physician,GET,/api/v1/physicians,Get paginated list of all active physicians,All authenticated roles,"{""success"":true,""data"":{""content"":[...]}}",200 OK,Physician / StaffService + PhysicianRepository,/api/v1/physicians,None,"page; size; sort","Cookie: JSESSIONID","None","None","PagedResponse<PhysicianDTO>: {employeeId; name; position; ssn}","1. No @PreAuthorize — falls to anyRequest().authenticated(). 2. staffService.getAllPhysicians(pageable). 3. Query: findAllActive(pageable). 4. Map to PhysicianDTO.","Table: physician (SELECT with pagination) | Operation: SELECT","None","Requires authenticated session only","None","401: No session","None","Yes","No","None","None","Paginated; safe"
Physician,GET,/api/v1/physicians/{id},Get physician by ID,All authenticated roles,"{""success"":true,""data"":{""employeeId"":1,...}}",200 OK,Physician / StaffService + PhysicianRepository,/api/v1/physicians/{id},id: Integer (employeeId),None,"Cookie: JSESSIONID","None","None","PhysicianDTO: {employeeId; name; position; ssn}","1. staffService.getPhysicianById(id). 2. Filter isDeleted=false. 3. Return DTO, or throw if not found.","Table: physician (SELECT by PK) | Operation: SELECT","None","Authenticated session","None","404: Physician not found or deleted; 401: No session","None","Yes","No","None","None","PK lookup; fast"
Physician,POST,/api/v1/physicians,Create a new physician profile,ADMIN only,"{""success"":true,""message"":""Physician created successfully""}",200 OK,Physician / StaffService + PhysicianRepository,/api/v1/physicians,None,None,"Cookie: JSESSIONID; X-XSRF-TOKEN; Content-Type: application/json","PhysicianDTO: {employeeId, name, position, ssn}","employeeId: Integer | @NotNull; name: String | @NotBlank; position: String | @NotBlank; ssn: Integer | @NotNull","PhysicianDTO (created)","1. @PreAuthorize ADMIN. 2. Build Physician entity. 3. staffService.savePhysician(physician). 4. Save and return DTO.","Table: physician (INSERT) | Operation: INSERT","None","@PreAuthorize hasRole('ADMIN'); global rule (POST /api/v1/physicians/**) hasRole(ADMIN)","@NotNull fields via @Valid; @NotBlank name and position","400: Validation; 403: Role; 409: EmployeeId already exists","None","No","No","None","None","Low volume"
Physician,PUT,/api/v1/physicians/{id},Update physician profile,ADMIN only,"{""success"":true,""message"":""Physician updated successfully""}",200 OK,Physician / StaffService + PhysicianRepository,/api/v1/physicians/{id},id: Integer,None,"Cookie: JSESSIONID; X-XSRF-TOKEN; Content-Type: application/json","PhysicianDTO: {name, position, ssn}","name: String | @NotBlank; position: String | @NotBlank; ssn: Integer | @NotNull","PhysicianDTO (updated)","1. @PreAuthorize ADMIN. 2. physicianDTO.setEmployeeId(id). 3. Build entity. 4. staffService.updatePhysician — findById + update. 5. Save.","Table: physician (SELECT + UPDATE) | Operation: UPDATE","None","@PreAuthorize hasRole('ADMIN')","@NotBlank @NotNull fields","400; 403; 404: Physician not found","None","Yes","@Transactional (inferred via save)","None","None","Single row update"
Physician,GET,/api/v1/physicians/search,Search physicians by name or position,ADMIN / DOCTOR / NURSE,"{""success"":true,""data"":{""content"":[...]}}",200 OK,Physician / StaffService + PhysicianRepository,/api/v1/physicians/search,None,"query: String; page; size","Cookie: JSESSIONID","None","None","PagedResponse<PhysicianDTO>","1. @PreAuthorize. 2. staffService.searchPhysicians. 3. LIKE query on name/position WHERE is_deleted=false.","Table: physician (SELECT LIKE) | Operation: SELECT","None","@PreAuthorize hasAnyRole('ADMIN','DOCTOR','NURSE')","query required","400: Missing query; 403","None","Yes","No","None","None","LIKE query; same index concern as patient search"
Physician,DELETE,/api/v1/physicians/{id},Soft-delete a physician record,ADMIN only,"{""success"":true,""message"":""Physician record deleted successfully""}",200 OK,Physician / StaffService + PhysicianRepository,/api/v1/physicians/{id},id: Integer,None,"Cookie: JSESSIONID; X-XSRF-TOKEN","None","None","ApiResponse<String>","1. @PreAuthorize ADMIN. 2. staffService.deletePhysician(id). 3. Set isDeleted=true. 4. Save.","Table: physician (UPDATE is_deleted=true) | Operation: UPDATE","None","@PreAuthorize hasRole('ADMIN'); global DELETE rule","None","403; 404","None","No — idempotent after first call","@Transactional","None","None","Single row update"
Department,GET,/api/v1/departments,Get paginated list of departments,Public / no role specified,"{""success"":true,""data"":{""content"":[...]}}",200 OK,Department / DepartmentService,/api/v1/departments,None,"page; size; sort","Cookie: JSESSIONID (session optional if public path)","None","None","PagedResponse<DepartmentDTO>: {departmentId; name; headId}","1. Falls to anyRequest().authenticated() — requires session. 2. departmentService.getAllDepartments(pageable). 3. findAllActive WHERE is_deleted=false. 4. Map to DTO.","Table: department (SELECT) | Operation: SELECT","Department → ManyToOne → Physician (head)","Authenticated session required","None","401: No session","None","Yes","No","None","None","Paginated; safe"
Department,GET,/api/v1/departments/{id},Get department by ID,Authenticated,"{""success"":true,""data"":{""departmentId"":1,...}}",200 OK,Department / DepartmentService,/api/v1/departments/{id},id: Integer,None,"Cookie: JSESSIONID","None","None","DepartmentDTO: {departmentId; name; headId}","1. departmentService.getDepartmentById(id). 2. Filter isDeleted=false. 3. Return DTO or throw.","Table: department (SELECT by PK) | Operation: SELECT","Department → ManyToOne → Physician","Authenticated","None","404: Not found; 401","None","Yes","No","None","None","PK lookup"
Department,POST,/api/v1/departments,Create a new department,ADMIN only,"{""success"":true,""message"":""Department created successfully""}",200 OK,Department / DepartmentService,/api/v1/departments,None,None,"Cookie: JSESSIONID; X-XSRF-TOKEN; Content-Type: application/json","DepartmentDTO: {departmentId?, name, headId?}","name: String | @NotBlank; headId: Integer | Optional","DepartmentDTO (created)","1. @PreAuthorize ADMIN. 2. convertToEntity — lookup physician if headId set. 3. departmentService.saveDepartment(). 4. Save and return.","Table: department (INSERT) | Operation: INSERT","Department → ManyToOne → Physician","@PreAuthorize hasRole('ADMIN')","@NotBlank name","400; 403; 500: Physician head not found","None","No","No","None","None","Low volume"
Department,PUT,/api/v1/departments/{id},Update department details,ADMIN only,"{""success"":true,""message"":""Department updated successfully""}",200 OK,Department / DepartmentService,/api/v1/departments/{id},id: Integer,None,"Cookie: JSESSIONID; X-XSRF-TOKEN; Content-Type: application/json","DepartmentDTO: {name, headId?}","name: String | @NotBlank; headId: Integer | Optional","DepartmentDTO (updated)","1. ADMIN check. 2. Set id from path. 3. convertToEntity. 4. departmentService.updateDepartment. 5. Save.","Table: department (SELECT + UPDATE) | Operation: UPDATE","Department → ManyToOne → Physician","ADMIN","@NotBlank name","400; 403; 404","None","Yes","No","None","None","Single row"
Department,DELETE,/api/v1/departments/{id},Soft-delete a department,ADMIN only,"{""success"":true,""message"":""Department record deleted successfully""}",200 OK,Department / DepartmentService,/api/v1/departments/{id},id: Integer,None,"Cookie: JSESSIONID; X-XSRF-TOKEN","None","None","ApiResponse<String>","1. ADMIN check. 2. departmentService.deleteDepartment(id). 3. isDeleted=true. 4. Save.","Table: department (UPDATE) | Operation: UPDATE","None","ADMIN","None","403; 404","None","No","@Transactional","None","None","Single row"
Department,PUT,/api/v1/departments/{id}/head,Assign physician as department head,ADMIN only,"{""success"":true,""message"":""Department head updated successfully""}",200 OK,Department / DepartmentService,/api/v1/departments/{id}/head,id: Integer,"physicianId: Integer (required query param)","Cookie: JSESSIONID; X-XSRF-TOKEN","None","None","DepartmentDTO (updated with new headId)","1. ADMIN check. 2. departmentService.setDepartmentHead(id, physicianId). 3. Lookup department + physician. 4. dept.setHead(physician). 5. Save.","Table: department (UPDATE head column); physician (SELECT) | Operation: UPDATE + SELECT","Department → ManyToOne → Physician","ADMIN","physicianId required query param","403; 404 dept; 404 physician","None","Yes — same call = same result","@Transactional","None","None","Two reads + one write"
Department,POST,/api/v1/departments/affiliate,Map a physician to a department,ADMIN only,"{""success"":true,""message"":""Physician affiliated successfully""}",200 OK,Department / DepartmentService + AffiliatedWithRepository,/api/v1/departments/affiliate,None,None,"Cookie: JSESSIONID; X-XSRF-TOKEN; Content-Type: application/json","AffiliationRequest: {physicianId, departmentId, primary?}","physicianId: Integer | @NotNull; departmentId: Integer | @NotNull; primary: Boolean | Optional","ApiResponse<String>","1. ADMIN check. 2. departmentService.affiliatePhysician(physicianId, departmentId, primary). 3. Build AffiliatedWith join entity. 4. Save.","Table: affiliated_with (INSERT); physician (SELECT); department (SELECT) | Operation: INSERT","AffiliatedWith → ManyToOne → Physician + Department (composite key)","ADMIN","@NotNull physicianId and departmentId","403; 500: physician or dept not found; 409: already affiliated","None","No","No","None","None","Low volume"
Department,GET,/api/v1/departments/{id}/physicians,List physician IDs affiliated with a department,Authenticated,"{""success"":true,""data"":[3,6,7]}",200 OK,Department / DepartmentService + AffiliatedWithRepository,/api/v1/departments/{id}/physicians,id: Integer (departmentId),None,"Cookie: JSESSIONID","None","None","List<Integer> (employeeIds)","1. departmentService.getDepartmentPhysicians(id). 2. AffiliatedWithRepository query by departmentId. 3. Extract physicianId list. 4. Return.","Table: affiliated_with (SELECT by dept); physician (JOIN) | Operation: SELECT","AffiliatedWith → ManyToOne → Physician/Department","Authenticated","None","404: Department not found; 401","None","Yes","No","None","None","Returns list; could grow large in big departments"
Appointment,GET,/api/v1/appointments/my,Get appointments for logged-in patient,PATIENT only,"{""success"":true,""data"":[{...}]}",200 OK,Appointment / AppointmentService + AppointmentRepository,/api/v1/appointments/my,None,None,"Cookie: JSESSIONID","None","None","List<AppointmentDTO>: {appointmentId; patientSsn; patientName; prepNurseId; physicianId; physicianName; start; end; examinationRoom}","1. PATIENT role enforced by security config. 2. Extract patientSsn from SecurityContext. 3. appointmentService.getPatientAppointments(ssn). 4. Filter isDeleted=false. 5. Map to DTO.","Table: appointment (SELECT by patient SSN) | Operation: SELECT","Appointment → ManyToOne → Patient; Physician; Nurse","hasRole('PATIENT') enforced in WebSecurityConfig requestMatchers","None","401: No session; 500: Account not linked to patient SSN","None","Yes","No","None","None","Returns all appointments; no pagination — potential performance issue"
Appointment,GET,/api/v1/appointments,Get paginated list of all appointments,ADMIN / DOCTOR / NURSE,"{""success"":true,""data"":{""content"":[...]}}",200 OK,Appointment / AppointmentService,/api/v1/appointments,None,"page; size; sort","Cookie: JSESSIONID","None","None","PagedResponse<AppointmentDTO>","1. GET rule: hasAnyRole(ADMIN,DOCTOR,NURSE). 2. appointmentService.getAllAppointments(pageable). 3. findAllActive() WHERE is_deleted=false. 4. Map to DTO.","Table: appointment (SELECT) | Operation: SELECT","Appointment → ManyToOne → Patient; Physician; Nurse","hasAnyRole('ADMIN','DOCTOR','NURSE')","None","403; 401","None","Yes","No","None","None","Paginated; JOIN to 3 tables — potential N+1 without fetch join"
Appointment,GET,/api/v1/appointments/{id},Get appointment by ID,ADMIN / DOCTOR / NURSE,"{""success"":true,""data"":{...}}",200 OK,Appointment / AppointmentService,/api/v1/appointments/{id},id: Integer,None,"Cookie: JSESSIONID","None","None","AppointmentDTO","1. appointmentService.getAppointmentById(id). 2. Filter isDeleted=false. 3. Map to DTO.","Table: appointment (SELECT by PK) | Operation: SELECT","Appointment → ManyToOne → Patient; Physician; Nurse","hasAnyRole('ADMIN','DOCTOR','NURSE')","None","403; 404; 401","None","Yes","No","None","None","PK lookup; 3-table JOIN"
Appointment,POST,/api/v1/appointments,Book a new appointment,ADMIN / NURSE / PATIENT,"{""success"":true,""message"":""Appointment booked successfully""}",200 OK,Appointment / AppointmentService,/api/v1/appointments,None,None,"Cookie: JSESSIONID; X-XSRF-TOKEN; Content-Type: application/json","AppointmentDTO: {patientSsn?, physicianId, prepNurseId?, start, end, examinationRoom}","patientSsn: Integer | @NotNull (auto-set for PATIENT role); physicianId: Integer | @NotNull; prepNurseId: Integer | Optional; start: LocalDateTime | @NotNull; end: LocalDateTime | @NotNull; examinationRoom: String | @NotBlank","AppointmentDTO (created with appointmentId)","1. POST rule: hasAnyRole(ADMIN,NURSE,PATIENT). 2. If PATIENT role: patientSsn auto-set from SecurityContext (prevents spoofing). 3. convertToEntity — lookup Patient, Physician, Nurse from DB. 4. appointmentService.bookAppointment(). 5. Save.","Table: appointment (INSERT); patient; physician; nurse (all SELECT) | Operation: INSERT","Appointment → ManyToOne → Patient; Physician; Nurse","Security config POST rule; PATIENT cannot book for another patient","@NotNull patientSsn; @NotNull physicianId; @NotNull start/end; @NotBlank examinationRoom","400: Validation; 403: Role; 500: Patient/Physician/Nurse not found","None","No — new appointment each time","No @Transactional on bookAppointment","None","None","3 FK lookups + 1 insert"
Appointment,PUT,/api/v1/appointments/{id},Update an existing appointment,ADMIN / NURSE / DOCTOR,"{""success"":true,""message"":""Appointment updated successfully""}",200 OK,Appointment / AppointmentService,/api/v1/appointments/{id},id: Integer,None,"Cookie: JSESSIONID; X-XSRF-TOKEN; Content-Type: application/json","AppointmentDTO: partial — any updatable fields","All AppointmentDTO fields optional for partial update","AppointmentDTO (updated)","1. dto.setAppointmentId(id). 2. convertToEntity — only fetches FKs if provided (partial update support). 3. appointmentService.updateAppointment. 4. Save.","Table: appointment (SELECT + UPDATE) | Operation: UPDATE","Appointment → ManyToOne → Patient; Physician; Nurse","anyRequest().authenticated() (no specific PreAuthorize on PUT)","None","400; 403; 404","None","Yes","@Transactional","None","None","Partial update pattern — no @Valid enforced on PUT"
Appointment,GET,/api/v1/appointments/physician/{id},Get all appointments for a specific physician,ADMIN / DOCTOR,"{""success"":true,""data"":[{...}]}",200 OK,Appointment / AppointmentService,/api/v1/appointments/physician/{id},id: Integer (physicianId),None,"Cookie: JSESSIONID","None","None","List<AppointmentDTO>","1. appointmentService.getPhysicianSchedule(id). 2. Repository: findByPhysicianId WHERE is_deleted=false. 3. Map to DTO list.","Table: appointment (SELECT by physician FK) | Operation: SELECT","Appointment → ManyToOne → Physician","anyRequest().authenticated()","None","401; 404 if physician has no appointments (returns empty list)","None","Yes","No","None","None","Returns full list without pagination — scalability concern"
Appointment,DELETE,/api/v1/appointments/{id},Cancel (soft-delete) an appointment,ADMIN / NURSE,"{""success"":true,""message"":""Appointment cancelled successfully""}",200 OK,Appointment / AppointmentService,/api/v1/appointments/{id},id: Integer,None,"Cookie: JSESSIONID; X-XSRF-TOKEN","None","None","ApiResponse<String>","1. appointmentService.deleteAppointment(id). 2. Set isDeleted=true. 3. Save.","Table: appointment (UPDATE is_deleted=true) | Operation: UPDATE","None","anyRequest().authenticated()","None","401; 404","None","No","@Transactional","None","None","Single row update"
Medication,GET,/api/v1/medications,Get paginated list of medications,ADMIN / DOCTOR / NURSE,"{""success"":true,""data"":{""content"":[...]}}",200 OK,Medication / MedicationService + MedicationRepository,/api/v1/medications,None,"page; size; sort","Cookie: JSESSIONID","None","None","PagedResponse<MedicationDTO>: {code; name; brand; description}","1. @PreAuthorize ADMIN/DOCTOR/NURSE. 2. medicationService.getAllMedications(pageable). 3. findAllActive() WHERE is_deleted=false. 4. Map to DTO.","Table: medication (SELECT) | Operation: SELECT","None","@PreAuthorize hasAnyRole('ADMIN','DOCTOR','NURSE'); global GET rule","None","403; 401","None","Yes","No","None","None","Paginated; safe"
Medication,GET,/api/v1/medications/{code},Get medication by code,ADMIN / DOCTOR / NURSE,"{""success"":true,""data"":{""code"":1,...}}",200 OK,Medication / MedicationService,/api/v1/medications/{code},code: Integer,None,"Cookie: JSESSIONID","None","None","MedicationDTO: {code; name; brand; description}","1. medicationService.getMedicationByCode(code). 2. Filter isDeleted=false. 3. Return DTO.","Table: medication (SELECT by PK) | Operation: SELECT","None","@PreAuthorize hasAnyRole('ADMIN','DOCTOR','NURSE')","None","403; 404","None","Yes","No","None","None","PK lookup"
Medication,POST,/api/v1/medications,Add a new medication to catalog,ADMIN only,"{""success"":true,""message"":""Medication added to catalog successfully""}",200 OK,Medication / MedicationService,/api/v1/medications,None,None,"Cookie: JSESSIONID; X-XSRF-TOKEN; Content-Type: application/json","MedicationDTO: {code, name, brand, description}","code: Integer | @NotNull; name: String | @NotBlank; brand: String | @NotBlank; description: String | Optional","MedicationDTO (created)","1. @PreAuthorize ADMIN. 2. convertToEntity. 3. medicationService.saveMedication(). 4. Return.","Table: medication (INSERT) | Operation: INSERT","None","@PreAuthorize hasRole('ADMIN')","@NotNull code; @NotBlank name/brand","400; 403; 409: Duplicate code","None","No","No","None","None","Low volume"
Medication,PUT,/api/v1/medications/{code},Update medication details,ADMIN only,"{""success"":true,""message"":""Medication details updated successfully""}",200 OK,Medication / MedicationService,/api/v1/medications/{code},code: Integer,None,"Cookie: JSESSIONID; X-XSRF-TOKEN; Content-Type: application/json","MedicationDTO: {name, brand, description}","name: String | @NotBlank; brand: String | @NotBlank; description: String | Optional","MedicationDTO (updated)","1. ADMIN. 2. dto.setCode(code). 3. medicationService.updateMedication. 4. Save.","Table: medication (SELECT + UPDATE) | Operation: UPDATE","None","ADMIN","@NotBlank name/brand","400; 403; 404","None","Yes","No","None","None","Single row"
Medication,GET,/api/v1/medications/search,Search medications by name or brand,ADMIN / DOCTOR / NURSE,"{""success"":true,""data"":{""content"":[...]}}",200 OK,Medication / MedicationService,/api/v1/medications/search,None,"query: String; page; size","Cookie: JSESSIONID","None","None","PagedResponse<MedicationDTO>","1. @PreAuthorize. 2. medicationService.searchMedications(query, pageable). 3. LIKE on name+brand WHERE is_deleted=false.","Table: medication (SELECT LIKE) | Operation: SELECT","None","@PreAuthorize hasAnyRole('ADMIN','DOCTOR','NURSE')","query required","400; 403","None","Yes","No","None","None","LIKE query concern; index name/brand"
Medication,DELETE,/api/v1/medications/{code},Soft-delete a medication,ADMIN only,"{""success"":true,""message"":""Medication record deleted successfully""}",200 OK,Medication / MedicationService,/api/v1/medications/{code},code: Integer,None,"Cookie: JSESSIONID; X-XSRF-TOKEN","None","None","ApiResponse<String>","⚠️ BUG: deleteMedication() method in controller is missing @DeleteMapping annotation. Method exists but is never mapped to DELETE /api/v1/medications/{code}.","Table: medication (UPDATE is_deleted=true) if reachable | Operation: UPDATE","None","ADMIN (inferred — endpoint not reachable due to missing annotation)","None","503: Endpoint unreachable — missing @DeleteMapping","None","N/A — endpoint not mapped","@Transactional","None","None","CRITICAL BUG: @DeleteMapping annotation missing from deleteMedication() in MedicationController"
Nurse,GET,/api/v1/nurses,Get paginated list of nurses,Authenticated (no PreAuthorize),"{""success"":true,""data"":{""content"":[...]}}",200 OK,Nurse / StaffService + NurseRepository,/api/v1/nurses,None,"page; size; sort","Cookie: JSESSIONID","None","None","PagedResponse<NurseDTO>: {employeeId; name; position; registered; ssn}","1. No @PreAuthorize — anyRequest().authenticated(). 2. staffService.getAllNurses(pageable). 3. findAllActive(). 4. Map to NurseDTO.","Table: nurse (SELECT) | Operation: SELECT","None","Authenticated session","None","401","None","Yes","No","None","None","Paginated"
Nurse,GET,/api/v1/nurses/{id},Get nurse by ID,Authenticated,"{""success"":true,""data"":{""employeeId"":101,...}}",200 OK,Nurse / StaffService + NurseRepository,/api/v1/nurses/{id},id: Integer,None,"Cookie: JSESSIONID","None","None","NurseDTO: {employeeId; name; position; registered; ssn}","1. staffService.getNurseById(id). 2. Filter isDeleted=false. 3. Return DTO.","Table: nurse (SELECT by PK) | Operation: SELECT","None","Authenticated","None","404; 401","None","Yes","No","None","None","PK lookup"
Nurse,POST,/api/v1/nurses,Register a new nurse,ADMIN only,"{""success"":true,""message"":""Nurse record created successfully""}",200 OK,Nurse / StaffService + NurseRepository,/api/v1/nurses,None,None,"Cookie: JSESSIONID; X-XSRF-TOKEN; Content-Type: application/json","NurseDTO: {employeeId, name, position, registered, ssn}","employeeId: Integer | @NotNull; name: String | @NotBlank; position: String | @NotBlank; registered: Boolean | @NotNull; ssn: Integer | @NotNull","NurseDTO (created)","1. @PreAuthorize ADMIN; global POST rule hasRole(ADMIN). 2. Build Nurse entity. 3. staffService.saveNurse(). 4. Return.","Table: nurse (INSERT) | Operation: INSERT","None","@PreAuthorize hasRole('ADMIN')","@NotNull employeeId, ssn, registered; @NotBlank name, position","400; 403; 409: Duplicate employeeId","None","No","No","None","None","Low volume"
Nurse,PUT,/api/v1/nurses/{id},Update nurse profile,ADMIN only,"{""success"":true,""message"":""Nurse record updated successfully""}",200 OK,Nurse / StaffService + NurseRepository,/api/v1/nurses/{id},id: Integer,None,"Cookie: JSESSIONID; X-XSRF-TOKEN; Content-Type: application/json","NurseDTO: {name, position, registered, ssn}","name: String | @NotBlank; position: String | @NotBlank; registered: Boolean | @NotNull; ssn: Integer | @NotNull","NurseDTO (updated)","1. ADMIN. 2. nurseDTO.setEmployeeId(id). 3. Build entity. 4. staffService.updateNurse. 5. Save.","Table: nurse (SELECT + UPDATE) | Operation: UPDATE","None","ADMIN","@NotBlank/@NotNull fields","400; 403; 404","None","Yes","@Transactional","None","None","Single row"
Nurse,DELETE,/api/v1/nurses/{id},Soft-delete a nurse record,ADMIN only,"{""success"":true,""message"":""Nurse record deleted successfully""}",200 OK,Nurse / StaffService + NurseRepository,/api/v1/nurses/{id},id: Integer,None,"Cookie: JSESSIONID; X-XSRF-TOKEN","None","None","ApiResponse<String>","1. ADMIN. 2. staffService.deleteNurse(id). 3. isDeleted=true. 4. Save.","Table: nurse (UPDATE) | Operation: UPDATE","None","ADMIN; global DELETE rule","None","403; 404","None","No (idempotent after first call)","@Transactional","None","None","Single row"
OnCall,POST,/api/v1/shifts,Assign an on-call shift to a nurse,ADMIN / NURSE,"{""success"":true,""message"":""Shift assigned successfully""}",200 OK,OnCall / OnCallService + OnCallRepository,/api/v1/shifts,None,None,"Cookie: JSESSIONID; X-XSRF-TOKEN; Content-Type: application/json","OnCallDTO: {nurseId, blockFloor, blockCode, onCallStart, onCallEnd}","nurseId: Integer | @NotNull; blockFloor: Integer | @NotNull; blockCode: Integer | @NotNull; onCallStart: LocalDateTime | @NotNull; onCallEnd: LocalDateTime | @NotNull","OnCallDTO (saved record)","1. @PreAuthorize ADMIN/NURSE. 2. onCallService.assignShift(nurseId, floor, code, start, end). 3. Lookup nurse + validate block. 4. Save OnCall with composite key (nurse, floor, code, start, end).","Table: on_call (INSERT); nurse (SELECT); block (SELECT) | Operation: INSERT","OnCall composite PK → Nurse; Block","@PreAuthorize hasAnyRole('ADMIN','NURSE')","@NotNull all fields","400; 403; 500: Nurse or Block not found; 409: Shift overlap not validated","None","No","No","None","None","⚠️ No overlap/conflict validation for nurse schedules"
OnCall,GET,/api/v1/shifts/nurse/{id},Get all shifts for a nurse,ADMIN / DOCTOR / NURSE,"{""success"":true,""data"":[{...}]}",200 OK,OnCall / OnCallService + OnCallRepository,/api/v1/shifts/nurse/{id},id: Integer (nurseId),None,"Cookie: JSESSIONID","None","None","List<OnCallDTO>: [{nurseId; blockFloor; blockCode; onCallStart; onCallEnd}]","1. @PreAuthorize ADMIN/DOCTOR/NURSE. 2. onCallService.getNurseShifts(id). 3. Query by nurseId. 4. Map to DTO.","Table: on_call (SELECT by nurseId) | Operation: SELECT","OnCall → ManyToOne → Nurse; Block","@PreAuthorize hasAnyRole('ADMIN','DOCTOR','NURSE')","None","403; 404 returns empty list","None","Yes","No","None","None","List without pagination"
OnCall,GET,/api/v1/shifts/block/{floor}/{code},Get all nurses covering a block/floor,ADMIN / DOCTOR / NURSE,"{""success"":true,""data"":[{...}]}",200 OK,OnCall / OnCallService + OnCallRepository,/api/v1/shifts/block/{floor}/{code},"floor: Integer; code: Integer",None,"Cookie: JSESSIONID","None","None","List<OnCallDTO>","1. @PreAuthorize ADMIN/DOCTOR/NURSE. 2. onCallService.getBlockCoverage(floor, code). 3. Query by block composite key. 4. Map to DTO.","Table: on_call (SELECT by floor+code) | Operation: SELECT","OnCall → ManyToOne → Block","@PreAuthorize hasAnyRole('ADMIN','DOCTOR','NURSE')","None","403; empty list if no coverage","None","Yes","No","None","None","Low cardinality lookup"
Prescription,GET,/api/v1/prescriptions/my,Get prescriptions for the logged-in patient,PATIENT only,"{""success"":true,""data"":[{...}]}",200 OK,Prescription / PrescriptionService + PrescriptionRepository,/api/v1/prescriptions/my,None,None,"Cookie: JSESSIONID","None","None","List<Prescription>: {id:{physicianId,patientSsn,medicationCode,date}; physician; patient; medication; dose}","1. Extract patientSsn from SecurityContext. 2. prescriptionService.getPatientPrescriptions(ssn). 3. Query by patientSsn. 4. Return list.","Table: prescribes (SELECT by patientSsn) | Operation: SELECT","Prescription → ManyToOne → Physician; Patient; Medication","anyRequest().authenticated(); PATIENT role implicitly via SecurityContext check","None","500: Account not linked to patient SSN; 401","None","Yes","No","None","None","⚠️ Returns raw Prescription entity (not DTO) — risk of over-exposure of nested entity data"
Prescription,POST,/api/v1/prescriptions,Create a new prescription,ADMIN / DOCTOR (per security config rule),"{""success"":true,""message"":""Prescription created successfully""}",200 OK,Prescription / PrescriptionService + PrescriptionRepository,/api/v1/prescriptions,None,None,"Cookie: JSESSIONID; X-XSRF-TOKEN; Content-Type: application/json","PrescriptionRequest: {physicianId, patientSsn, medicationCode, date, appointmentId?, dose}","physicianId: Integer | @NotNull; patientSsn: Integer | @NotNull; medicationCode: Integer | @NotNull; date: LocalDateTime | @NotNull; dose: String | @NotBlank; appointmentId: Integer | Optional","ApiResponse<String>","1. POST rule: hasAnyRole(ADMIN,DOCTOR). 2. Build PrescriptionId composite key. 3. Build stub Physician/Patient/Medication objects (no DB lookup). 4. Set dose. 5. prescriptionService.createPrescription(prescription, appointmentId). 6. Save.","Table: prescribes (INSERT); appointment referenced by ID | Operation: INSERT","Prescription composite PK → Physician + Patient + Medication","Security config POST /api/v1/prescriptions** hasAnyRole(ADMIN,DOCTOR)","@NotNull physicianId/patientSsn/medicationCode/date; @NotBlank dose","400; 403; 409: Duplicate composite key","None","No","No","None","None","⚠️ Uses stub entity pattern — no FK validation; invalid physicianId/patientSsn/medicationCode will fail at DB constraint level"
Prescription,GET,/api/v1/prescriptions/patient/{ssn},Get prescriptions for a specific patient (by staff),ADMIN / DOCTOR / NURSE,"{""success"":true,""data"":[{...}]}",200 OK,Prescription / PrescriptionService,/api/v1/prescriptions/patient/{ssn},ssn: Integer,None,"Cookie: JSESSIONID","None","None","List<Prescription> (raw entity)","1. prescriptionService.getPatientPrescriptions(ssn). 2. Query by patientSsn. 3. Return.","Table: prescribes (SELECT by patientSsn) | Operation: SELECT","Prescription → ManyToOne → Physician; Patient; Medication","anyRequest().authenticated()","None","401; returns empty list if no prescriptions","None","Yes","No","None","None","⚠️ Returns raw entity; no role restriction — any authenticated user can view any patient's prescriptions"
Certification,POST,/api/v1/certifications,Certify a physician for a procedure,ADMIN only (via security config),"{""success"":true,""message"":""Physician certification recorded successfully""}",200 OK,Procedure / CertificationService + TrainedInRepository,/api/v1/certifications,None,None,"Cookie: JSESSIONID; X-XSRF-TOKEN; Content-Type: application/json","CertificationRequest: {physicianId, procedureCode, certificationDate, certificationExpires}","physicianId: Integer | @NotNull; procedureCode: Integer | @NotNull; certificationDate: LocalDateTime | @NotNull; certificationExpires: LocalDateTime | @NotNull","ApiResponse<String>","1. POST /api/v1/certifications hasRole(ADMIN). 2. certificationService.certifyPhysician(request). 3. Build TrainedIn entity with composite key. 4. Save.","Table: trained_in (INSERT); physician + procedure (SELECT) | Operation: INSERT","TrainedIn composite PK → Physician + Procedure","Security config: POST /api/v1/certifications/** hasRole('ADMIN')","@NotNull all fields","400; 403; 500: Physician or Procedure not found","None","No","No","None","None","Low volume"
Certification,GET,/api/v1/certifications/physician/{id},Get all certifications for a physician,ADMIN / DOCTOR / NURSE / PATIENT,"{""success"":true,""data"":[{...}]}",200 OK,Procedure / CertificationService + TrainedInRepository,/api/v1/certifications/physician/{id},id: Integer (physicianId),None,"Cookie: JSESSIONID","None","None","List<TrainedIn>: {id:{physicianId,procedureCode}; certificationDate; certificationExpires}","1. GET rule: hasAnyRole(ADMIN,DOCTOR,NURSE,PATIENT). 2. certificationService.getPhysicianCertifications(id). 3. Query by physicianId. 4. Return list.","Table: trained_in (SELECT by physicianId) | Operation: SELECT","TrainedIn → ManyToOne → Physician; Procedure","GET /api/v1/certifications/** hasAnyRole(ADMIN,DOCTOR,NURSE,PATIENT)","None","401; empty list if no certifications","None","Yes","No","None","None","⚠️ Returns raw TrainedIn entity — exposes full composite key"
MedicalRecord,GET,/api/v1/medical-records/my,Get medical history for logged-in patient,PATIENT only,"{""success"":true,""data"":[{...}]}",200 OK,Procedure / MedicalRecordService + UndergoesRepository,/api/v1/medical-records/my,None,None,"Cookie: JSESSIONID","None","None","List<Undergoes>: {id; patient; procedure; stay; dateUndergoes; physician; assistingNurse; notes}","1. Extract patientSsn from SecurityContext. 2. medicalRecordService.getPatientMedicalHistory(ssn). 3. Query by patientSsn. 4. Return list.","Table: undergoes (SELECT by patientSsn) | Operation: SELECT","Undergoes → ManyToOne → Patient; Procedure; Stay; Physician; Nurse","GET /api/v1/medical-records/** hasAnyRole(ADMIN,DOCTOR,NURSE,PATIENT); PATIENT-only via SecurityContext","None","500: Account not linked to patient; 401","None","Yes","No","None","None","Returns full history list — no pagination"
MedicalRecord,POST,/api/v1/medical-records/procedure,Record a procedure performed on a patient,ADMIN / NURSE / DOCTOR,"{""success"":true,""message"":""Medical procedure recorded successfully""}",200 OK,Procedure / MedicalRecordService + UndergoesRepository,/api/v1/medical-records/procedure,None,None,"Cookie: JSESSIONID; X-XSRF-TOKEN; Content-Type: application/json","UndergoesRequest: {patientSsn, procedureCode, stayId, dateUndergoes, physicianId, assistingNurseId, notes?}","patientSsn: Integer | @NotNull; procedureCode: Integer | @NotNull; stayId: Integer | @NotNull; dateUndergoes: LocalDateTime | @NotNull; physicianId: Integer | @NotNull; assistingNurseId: Integer | @NotNull; notes: String | Optional","ApiResponse<String>","1. POST rule: hasAnyRole(ADMIN,NURSE,DOCTOR). 2. medicalRecordService.recordProcedure(all params). 3. Lookup all FK entities. 4. Build Undergoes with composite key. 5. Save.","Table: undergoes (INSERT); patient; procedure; stay; physician; nurse (all SELECT) | Operation: INSERT","Undergoes composite PK → Patient + Procedure + Stay (+ Physician + Nurse)","Security config POST /api/v1/medical-records/procedure** hasAnyRole(ADMIN,NURSE,DOCTOR)","@NotNull all fields except notes","400; 403; 500: Any FK entity not found","None","No","@Transactional (inferred)","None","None","5 FK lookups + 1 insert — consider batch validation"
MedicalRecord,GET,/api/v1/medical-records/patient/{ssn},Get full medical history for a patient (staff view),ADMIN / DOCTOR / NURSE / PATIENT,"{""success"":true,""data"":[{...}]}",200 OK,Procedure / MedicalRecordService,/api/v1/medical-records/patient/{ssn},ssn: Integer,None,"Cookie: JSESSIONID","None","None","List<Undergoes>","1. GET rule: ADMIN/DOCTOR/NURSE/PATIENT. 2. medicalRecordService.getPatientMedicalHistory(ssn). 3. Return.","Table: undergoes (SELECT by patientSsn) | Operation: SELECT","Undergoes → ManyToOne → Patient; Procedure; Stay; Physician; Nurse","GET /api/v1/medical-records/** hasAnyRole(ADMIN,DOCTOR,NURSE,PATIENT)","None","401; empty list","⚠️ A PATIENT can call this endpoint with any SSN — no ownership enforcement on this path","Yes","No","None","None","No pagination; could be large"
MedicalRecord,GET,/api/v1/medical-records/stay/{stayId},Get all procedures for a specific stay,ADMIN / DOCTOR / NURSE / PATIENT,"{""success"":true,""data"":[{...}]}",200 OK,Procedure / MedicalRecordService,/api/v1/medical-records/stay/{stayId},stayId: Integer,None,"Cookie: JSESSIONID","None","None","List<Undergoes>","1. GET rule: ADMIN/DOCTOR/NURSE/PATIENT. 2. medicalRecordService.getStayProcedures(stayId). 3. Return.","Table: undergoes (SELECT by stayId) | Operation: SELECT","Undergoes → ManyToOne → Stay","GET /api/v1/medical-records/**","None","401; empty list","⚠️ Same — PATIENT could query any stayId","Yes","No","None","None","Bounded by stay; safe"
Procedure,GET,/api/v1/procedures,Get paginated list of medical procedures,ADMIN / DOCTOR / NURSE,"{""success"":true,""data"":{""content"":[...]}}",200 OK,Procedure / ProcedureService + ProcedureRepository,/api/v1/procedures,None,"page; size; sort","Cookie: JSESSIONID","None","None","PagedResponse<ProcedureDTO>: {code; name; cost}","1. @PreAuthorize ADMIN/DOCTOR/NURSE. 2. procedureService.getAllProcedures(pageable). 3. findAllActive(). 4. Map to DTO.","Table: procedure (SELECT) | Operation: SELECT","None","@PreAuthorize hasAnyRole('ADMIN','DOCTOR','NURSE'); global GET rule","None","403; 401","None","Yes","No","None","None","Paginated; safe"
Procedure,GET,/api/v1/procedures/{code},Get procedure by code,ADMIN / DOCTOR / NURSE,"{""success"":true,""data"":{""code"":1,...}}",200 OK,Procedure / ProcedureService,/api/v1/procedures/{code},code: Integer,None,"Cookie: JSESSIONID","None","None","ProcedureDTO: {code; name; cost}","1. @PreAuthorize. 2. procedureService.getProcedureByCode(code). 3. Filter isDeleted=false. 4. Return.","Table: procedure (SELECT by PK) | Operation: SELECT","None","@PreAuthorize hasAnyRole('ADMIN','DOCTOR','NURSE')","None","403; 404","None","Yes","No","None","None","PK lookup"
Procedure,POST,/api/v1/procedures,Add a new procedure to catalog,ADMIN only,"{""success"":true,""message"":""Procedure added to catalog successfully""}",200 OK,Procedure / ProcedureService,/api/v1/procedures,None,None,"Cookie: JSESSIONID; X-XSRF-TOKEN; Content-Type: application/json","ProcedureDTO: {code, name, cost}","code: Integer | @NotNull; name: String | @NotBlank; cost: BigDecimal | @NotNull","ProcedureDTO (created)","1. @PreAuthorize ADMIN. 2. convertToEntity. 3. procedureService.saveProcedure(). 4. Return.","Table: procedure (INSERT) | Operation: INSERT","None","@PreAuthorize hasRole('ADMIN')","@NotNull code; @NotBlank name; @NotNull cost","400; 403; 409","None","No","No","None","None","Low volume"
Procedure,PUT,/api/v1/procedures/{code},Update procedure details,ADMIN only,"{""success"":true,""message"":""Procedure details updated successfully""}",200 OK,Procedure / ProcedureService,/api/v1/procedures/{code},code: Integer,None,"Cookie: JSESSIONID; X-XSRF-TOKEN; Content-Type: application/json","ProcedureDTO: {name, cost}","name: String | @NotBlank; cost: BigDecimal | @NotNull","ProcedureDTO (updated)","1. ADMIN. 2. dto.setCode(code). 3. procedureService.updateProcedure. 4. Save.","Table: procedure (SELECT + UPDATE) | Operation: UPDATE","None","ADMIN","@NotBlank name; @NotNull cost","400; 403; 404","None","Yes","No","None","None","Single row"
Procedure,GET,/api/v1/procedures/search,Search procedures by name,ADMIN / DOCTOR / NURSE,"{""success"":true,""data"":{""content"":[...]}}",200 OK,Procedure / ProcedureService,/api/v1/procedures/search,None,"query: String; page; size","Cookie: JSESSIONID","None","None","PagedResponse<ProcedureDTO>","1. @PreAuthorize. 2. procedureService.searchProcedures(query, pageable). 3. LIKE on name WHERE is_deleted=false.","Table: procedure (SELECT LIKE) | Operation: SELECT","None","@PreAuthorize hasAnyRole('ADMIN','DOCTOR','NURSE')","query required","400; 403","None","Yes","No","None","None","LIKE query"
Procedure,DELETE,/api/v1/procedures/{code},Soft-delete a procedure,ADMIN only,"{""success"":true,""message"":""Procedure record deleted successfully""}",200 OK,Procedure / ProcedureService,/api/v1/procedures/{code},code: Integer,None,"Cookie: JSESSIONID; X-XSRF-TOKEN","None","None","ApiResponse<String>","⚠️ BUG: deleteProcedure() is missing @DeleteMapping annotation. Same bug as MedicationController.","Table: procedure (UPDATE) if reachable | Operation: UPDATE","None","ADMIN (inferred)","None","503: Endpoint unreachable","None","N/A","@Transactional","None","None","CRITICAL BUG: @DeleteMapping annotation missing from deleteProcedure() in ProcedureController"
Room,GET,/api/v1/rooms,Get paginated list of all rooms,Authenticated (ADMIN per security config),"{""success"":true,""data"":{""content"":[...]}}",200 OK,Room / RoomService + RoomRepository,/api/v1/rooms,None,"page; size; sort","Cookie: JSESSIONID","None","None","PagedResponse<RoomDTO>: {roomNumber; roomType; blockFloor; blockCode; unavailable}","1. Security: /api/v1/rooms/** hasRole(ADMIN). 2. roomService.getAllRooms(pageable). 3. findAllActive(). 4. Map to DTO.","Table: room (SELECT) | Operation: SELECT","Room → ManyToOne → Block","security config: /api/v1/blocks/** and /api/v1/rooms/** hasRole('ADMIN')","None","403; 401","None","Yes","No","None","None","Paginated"
Room,GET,/api/v1/rooms/available,Get all currently available rooms,ADMIN only,"{""success"":true,""data"":[{...}]}",200 OK,Room / RoomService,/api/v1/rooms/available,None,None,"Cookie: JSESSIONID","None","None","List<RoomDTO>","1. ADMIN. 2. roomService.getAvailableRooms(). 3. Query WHERE unavailable=false AND is_deleted=false. 4. Map.","Table: room (SELECT WHERE unavailable=false) | Operation: SELECT","Room → ManyToOne → Block","ADMIN","None","403; 401","None","Yes","No","None","None","No pagination — could be large"
Room,GET,/api/v1/rooms/unavailable,Get all currently occupied rooms,ADMIN only,"{""success"":true,""data"":[{...}]}",200 OK,Room / RoomService,/api/v1/rooms/unavailable,None,None,"Cookie: JSESSIONID","None","None","List<RoomDTO>","1. ADMIN. 2. roomService.getUnavailableRooms(). 3. Query WHERE unavailable=true AND is_deleted=false.","Table: room (SELECT WHERE unavailable=true) | Operation: SELECT","Room → ManyToOne → Block","ADMIN","None","403; 401","None","Yes","No","None","None","No pagination"
Room,GET,/api/v1/rooms/type/{roomType},Get rooms filtered by type,ADMIN only,"{""success"":true,""data"":[{...}]}",200 OK,Room / RoomService,/api/v1/rooms/type/{roomType},roomType: String,None,"Cookie: JSESSIONID","None","None","List<RoomDTO>","1. ADMIN. 2. roomService.getRoomsByType(roomType). 3. Query by roomType WHERE is_deleted=false.","Table: room (SELECT by type) | Operation: SELECT","Room → ManyToOne → Block","ADMIN","None","403; 404 (empty list)","None","Yes","No","None","None","No pagination"
Room,GET,/api/v1/rooms/available/type/{roomType},Get available rooms of a specific type,ADMIN only,"{""success"":true,""data"":[{...}]}",200 OK,Room / RoomService,/api/v1/rooms/available/type/{roomType},roomType: String,None,"Cookie: JSESSIONID","None","None","List<RoomDTO>","1. ADMIN. 2. roomService.getAvailableRoomsByType(roomType). 3. Query WHERE type=? AND unavailable=false AND is_deleted=false.","Table: room | Operation: SELECT","Room → ManyToOne → Block","ADMIN","None","403; empty list","None","Yes","No","None","None","No pagination"
Room,GET,/api/v1/rooms/unavailable/type/{roomType},Get occupied rooms of a specific type,ADMIN only,"{""success"":true,""data"":[{...}]}",200 OK,Room / RoomService,/api/v1/rooms/unavailable/type/{roomType},roomType: String,None,"Cookie: JSESSIONID","None","None","List<RoomDTO>","1. ADMIN. 2. roomService.getUnavailableRoomsByType(roomType). 3. Query WHERE type=? AND unavailable=true.","Table: room | Operation: SELECT","Room → ManyToOne → Block","ADMIN","None","403; empty list","None","Yes","No","None","None","No pagination"
Room,GET,/api/v1/rooms/{roomNumber},Get room by number,ADMIN only,"{""success"":true,""data"":{...}}",200 OK,Room / RoomService,/api/v1/rooms/{roomNumber},roomNumber: Integer,None,"Cookie: JSESSIONID","None","None","RoomDTO: {roomNumber; roomType; blockFloor; blockCode; unavailable}","1. ADMIN. 2. roomService.getRoomByNumber(roomNumber). 3. Filter isDeleted=false. 4. Return.","Table: room (SELECT by PK) | Operation: SELECT","Room → ManyToOne → Block","ADMIN","None","403; 404","None","Yes","No","None","None","PK lookup"
Room,POST,/api/v1/rooms,Create a new room,ADMIN only,"{""success"":true,""message"":""Room created successfully""}",200 OK,Room / RoomService + BlockRepository,/api/v1/rooms,None,None,"Cookie: JSESSIONID; X-XSRF-TOKEN; Content-Type: application/json","RoomDTO: {roomNumber, roomType, blockFloor, blockCode, unavailable?}","roomNumber: Integer | @NotNull; roomType: String | @NotBlank; blockFloor: Integer | @NotNull; blockCode: Integer | @NotNull; unavailable: Boolean | Optional (default false)","RoomDTO (created)","1. @PreAuthorize ADMIN. 2. Build BlockId from floor+code. 3. Lookup Block in DB. 4. Build Room entity. 5. roomService.saveRoom(). 6. Return.","Table: room (INSERT); block (SELECT) | Operation: INSERT","Room → ManyToOne → Block","@PreAuthorize hasRole('ADMIN')","@NotNull roomNumber; @NotBlank roomType; @NotNull blockFloor/blockCode","400; 403; 500: Block not found; 409: Duplicate room number","None","No","No","None","None","Block lookup + insert"
Room,PUT,/api/v1/rooms/{roomNumber},Update room details,ADMIN only,"{""success"":true,""message"":""Room details updated successfully""}",200 OK,Room / RoomService,/api/v1/rooms/{roomNumber},roomNumber: Integer,None,"Cookie: JSESSIONID; X-XSRF-TOKEN; Content-Type: application/json","RoomDTO: {roomType, blockFloor, blockCode, unavailable}","roomType: String | @NotBlank; blockFloor: Integer | @NotNull; blockCode: Integer | @NotNull","RoomDTO (updated)","1. ADMIN. 2. dto.setRoomNumber(roomNumber). 3. Lookup Block. 4. Build entity. 5. roomService.updateRoom. 6. Save.","Table: room (SELECT + UPDATE) | Operation: UPDATE","Room → ManyToOne → Block","ADMIN","@NotBlank/@NotNull fields","400; 403; 404; 500: Block not found","None","Yes","No","None","None","Block lookup + update"
Room,DELETE,/api/v1/rooms/{roomNumber},Soft-delete a room record,ADMIN only,"{""success"":true,""message"":""Room record deleted successfully""}",200 OK,Room / RoomService,/api/v1/rooms/{roomNumber},roomNumber: Integer,None,"Cookie: JSESSIONID; X-XSRF-TOKEN","None","None","ApiResponse<String>","1. ADMIN. 2. roomService.deleteRoom(roomNumber). 3. isDeleted=true. 4. Save.","Table: room (UPDATE) | Operation: UPDATE","None","ADMIN","None","403; 404","None","No","@Transactional","None","None","Single row"
Block,GET,/api/v1/blocks,Get all hospital blocks,ADMIN only,"{""success"":true,""data"":[{...}]}",200 OK,Room / BlockService + BlockRepository,/api/v1/blocks,None,None,"Cookie: JSESSIONID","None","None","List<BlockDTO>: {blockFloor; blockCode}","1. ADMIN (/api/v1/blocks/** hasRole(ADMIN)). 2. blockService.getAllBlocks(). 3. Map to DTO.","Table: block (SELECT all) | Operation: SELECT","None","security config /api/v1/blocks** hasRole('ADMIN')","None","403; 401","None","Yes","No","None","None","Returns full list — typically small dataset"
Block,POST,/api/v1/blocks,Create a new hospital block,ADMIN only,"{""success"":true,""message"":""Block created successfully""}",200 OK,Room / BlockService,/api/v1/blocks,None,None,"Cookie: JSESSIONID; X-XSRF-TOKEN; Content-Type: application/json","BlockDTO: {blockFloor, blockCode}","blockFloor: Integer | @NotNull; blockCode: Integer | @NotNull","BlockDTO (created)","1. ADMIN. 2. Build Block with composite BlockId. 3. blockService.saveBlock(). 4. Return.","Table: block (INSERT) | Operation: INSERT","None","ADMIN","@NotNull blockFloor and blockCode","400; 403; 409: Duplicate composite key","None","No","No","None","None","Low volume"
Block,DELETE,/api/v1/blocks,Delete a block,ADMIN only,"{""success"":true,""message"":""Block deleted successfully""}",200 OK,Room / BlockService,/api/v1/blocks,None,"floor: Integer; code: Integer","Cookie: JSESSIONID; X-XSRF-TOKEN","None","None","ApiResponse<String>","1. ADMIN. 2. blockService.deleteBlock(floor, code). 3. Hard or soft delete. 4. Return.","Table: block (DELETE) | Operation: DELETE","None","ADMIN","floor and code required query params","403; 404; 500: Rooms still assigned to block (FK constraint)","⚠️ Will cascade or fail if rooms are linked to this block","No","@Transactional","None","None","⚠️ No check for associated rooms before delete — DB FK constraint may throw 500"
Stay,GET,/api/v1/stays/my,Get stays for logged-in patient,PATIENT only,"{""success"":true,""data"":[{...}]}",200 OK,Stay / StayService + StayRepository,/api/v1/stays/my,None,None,"Cookie: JSESSIONID","None","None","List<StayResponse>: {stayId; patientName; roomNumber; stayStart; stayEnd; notes}","1. PATIENT role. 2. Extract patientSsn from SecurityContext. 3. stayService.getPatientStays(ssn). 4. stayRepository.findByPatientSsnActive(). 5. Map to StayResponse.","Table: stay (SELECT by patientSsn) | Operation: SELECT","Stay → ManyToOne → Patient; Room","anyRequest().authenticated()","None","500: Account not linked to patient SSN; 401","None","Yes","No","None","None","Returns full list; no pagination"
Stay,GET,/api/v1/stays,Get paginated list of all stays,ADMIN / DOCTOR / NURSE,"{""success"":true,""data"":{""content"":[...]}}",200 OK,Stay / StayService,/api/v1/stays,None,"page; size; sort","Cookie: JSESSIONID","None","None","PagedResponse<StayResponse>","1. Authenticated. 2. stayService.getAllStays(pageable). 3. findAllActive() WHERE is_deleted=false. 4. Map.","Table: stay (SELECT) | Operation: SELECT","Stay → ManyToOne → Patient; Room","anyRequest().authenticated()","None","401","None","Yes","No","None","None","Paginated"
Stay,POST,/api/v1/stays,Check-in a patient to a room,ADMIN / NURSE / DOCTOR,"{""success"":true,""message"":""Patient checked in successfully""}",200 OK,Stay / StayService + RoomRepository + PatientRepository,/api/v1/stays,None,None,"Cookie: JSESSIONID; X-XSRF-TOKEN; Content-Type: application/json","StayRequest: {patientSsn, roomNumber, stayStart, notes?}","patientSsn: Integer | @NotNull; roomNumber: Integer | @NotNull; stayStart: LocalDateTime | @NotNull; notes: String | Optional","StayResponse (created stay)","1. POST rule: hasAnyRole(ADMIN,NURSE,DOCTOR/via config). 2. stayService.checkInPatient(). 3. Lookup Patient + Room. 4. Validate room.unavailable=false (throw if occupied). 5. Validate no existing active stay for patient. 6. Create Stay. 7. Set room.unavailable=true. 8. Save both.","Table: stay (INSERT); room (UPDATE unavailable=true); patient (SELECT) | Operation: INSERT + UPDATE","Stay → ManyToOne → Patient; Room","Security config POST /api/v1/stays/** hasAnyRole(ADMIN,NURSE,DOCTOR)","@NotNull patientSsn/roomNumber/stayStart","400; 403; 500: Patient not found; 500: Room not found; 500: Room occupied; 500: Patient already admitted","Room.unavailable set to true — cascades to room availability queries","No","@Transactional — atomically saves Stay + updates Room","None","None","⚠️ Two saves in one transaction — verify AtomicityRoom availability cascade"
Stay,GET,/api/v1/stays/{id},Get stay details by ID,ADMIN / DOCTOR / NURSE,"{""success"":true,""data"":{...}}",200 OK,Stay / StayService,/api/v1/stays/{id},id: Integer,None,"Cookie: JSESSIONID","None","None","StayResponse","1. stayService.getStayById(id). 2. Filter isDeleted=false. 3. Return.","Table: stay (SELECT by PK) | Operation: SELECT","Stay → ManyToOne → Patient; Room","anyRequest().authenticated()","None","404; 401","None","Yes","No","None","None","PK lookup"
Stay,PUT,/api/v1/stays/{id},Update/finalize stay (check-out),ADMIN / NURSE,"{""success"":true,""message"":""Stay details updated successfully""}",200 OK,Stay / StayService + RoomRepository,/api/v1/stays/{id},id: Integer,"notes: String (optional query param)","Cookie: JSESSIONID; X-XSRF-TOKEN","None","None","StayResponse (updated)","1. ADMIN/NURSE. 2. stayService.checkOutPatient(id, notes). 3. Set stayEnd=now(). 4. Append final notes. 5. Set room.unavailable=false. 6. Save stay + room.","Table: stay (UPDATE stayEnd + notes); room (UPDATE unavailable=false) | Operation: UPDATE","Stay → ManyToOne → Room","anyRequest().authenticated()","None","404; 401","Room.unavailable set to false — cascades to room availability","No — stayEnd always set to now()","@Transactional — both saves atomic","None","None","Two updates atomically; room availability cascade"
Stay,DELETE,/api/v1/stays/{id},Soft-delete a stay record,ADMIN only,"{""success"":true,""message"":""Stay record deleted successfully""}",200 OK,Stay / StayService,/api/v1/stays/{id},id: Integer,None,"Cookie: JSESSIONID; X-XSRF-TOKEN","None","None","ApiResponse<String>","1. ADMIN. 2. stayService.deleteStay(id). 3. isDeleted=true. 4. Save.","Table: stay (UPDATE) | Operation: UPDATE","None","anyRequest().authenticated()","None","404; 401","⚠️ Does NOT reset Room.unavailable — room may remain marked occupied after soft-delete","No","@Transactional","None","None","⚠️ Side-effect gap: room not freed on soft-delete"
Stay,GET,/api/v1/stays/active,List all currently admitted patients,ADMIN / DOCTOR / NURSE,"{""success"":true,""data"":[{...}]}",200 OK,Stay / StayService + StayRepository,/api/v1/stays/active,None,None,"Cookie: JSESSIONID","None","None","List<StayResponse>","1. Authenticated. 2. stayService.getActiveStays(). 3. Repository: findByStayEndIsNullActive() WHERE stayEnd IS NULL AND is_deleted=false. 4. Map.","Table: stay (SELECT WHERE stayEnd IS NULL) | Operation: SELECT","Stay → ManyToOne → Patient; Room","anyRequest().authenticated()","None","401","None","Yes","No","None","None","No pagination; hospital occupancy list"
Dashboard,GET,/api/dashboard/summary,Get high-level dashboard summary,ADMIN only,"{""success"":true,""data"":{""totalPatients"":4,""totalPhysicians"":8,...}}",200 OK,Reporting / ReportingService,/api/dashboard/summary,None,None,"Cookie: JSESSIONID","None","None","DashboardSummaryDTO: {totalPatients; totalPhysicians; totalNurses; activeStays; todayAppointments; totalMedications; totalProcedures}","1. Security: /api/v1/dashboard/** hasRole(ADMIN). 2. reportingService.getSummary(). 3. Aggregates counts from multiple repositories. 4. Return DTO.","Tables: patient; physician; nurse; stay; appointment; medication; procedure (all COUNT queries) | Operation: SELECT (multiple)","None — counts only","hasRole('ADMIN') via security config","None","403; 401","None","Yes","No","None","None","⚠️ Heavy endpoint — executes ~7 COUNT queries per call; consider caching"
Dashboard,GET,/api/dashboard/departments,Get department statistics,ADMIN only,"{""success"":true,""data"":[{...}]}",200 OK,Reporting / ReportingService,/api/dashboard/departments,None,None,"Cookie: JSESSIONID","None","None","List<DepartmentStatsDTO>: {departmentName; affiliatedPhysicianCount; headPhysicianName}","1. ADMIN. 2. reportingService.getDepartmentStats(). 3. Queries departments with affiliated counts. 4. Return list.","Tables: department; affiliated_with; physician (JOIN + GROUP BY) | Operation: SELECT with JOIN","Department → ManyToOne → Physician; Department → OneToMany → AffiliatedWith","ADMIN","None","403; 401","None","Yes","No","None","None","GROUP BY aggregation — consider caching at app or DB level"